  Run_nr,    Time,   Alpha,Delta_Pb,   P_bar,       T,     rpm,     rho,    P001,    P002,    P003,    P004,    P005,    P006,    P007,    P008,    P009,    P010,    P011,    P012,    P013,    P014,    P015,    P016,    P017,    P018,    P019,    P020,    P021,    P022,    P023,    P024,    P025,    P026,    P027,    P028,    P029,    P030,    P031,    P032,    P033,    P034,    P035,    P036,    P037,    P038,    P039,    P040,    P041,    P042,    P043,    P044,    P045,    P046,    P047,    P048,    P049,    P050,    P051,    P052,    P053,    P054,    P055,    P056,    P057,    P058,    P059,    P060,    P061,    P062,    P063,    P064,    P065,    P066,    P067,    P068,    P069,    P070,    P071,    P072,    P073,    P074,    P075,    P076,    P077,    P078,    P079,    P080,    P081,    P082,    P083,    P084,    P085,    P086,    P087,    P088,    P089,    P090,    P091,    P092,    P093,    P094,    P095,    P096,    P097,    P098,    P099,    P100,    P101,    P102,    P103,    P104,    P105,    P106,    P107,    P108,    P109,    P110,    P111,    P112,    P113
       /,   H:M:S, degrees,      Pa,      Pa, degr._C,   1/min,  kg/m^3,      Pa,      Pa,      Pa,      Pa,      Pa,      Pa,      Pa,      Pa,      Pa,      Pa,      Pa,      Pa,      Pa,      Pa,      Pa,      Pa,      Pa,      Pa,      Pa,      Pa,      Pa,      Pa,      Pa,      Pa,      Pa,      Pa,      Pa,      Pa,      Pa,      Pa,      Pa,      Pa,      Pa,      Pa,      Pa,      Pa,      Pa,      Pa,      Pa,      Pa,      Pa,      Pa,      Pa,      Pa,      Pa,      Pa,      Pa,      Pa,      Pa,      Pa,      Pa,      Pa,      Pa,      Pa,      Pa,      Pa,      Pa,      Pa,      Pa,      Pa,      Pa,      Pa,      Pa,      Pa,      Pa,      Pa,      Pa,      Pa,      Pa,      Pa,      Pa,      Pa,      Pa,      Pa,      Pa,      Pa,      Pa,      Pa,      Pa,      Pa,      Pa,      Pa,      Pa,      Pa,      Pa,      Pa,      Pa,      Pa,      Pa,      Pa,      Pa,      Pa,      Pa,      Pa,      Pa,      Pa,      Pa,      Pa,      Pa,      Pa,      Pa,      Pa,      Pa,      Pa,      Pa,      Pa,      Pa,      Pa,      Pa,      Pa,      Pa,      Pa,      Pa
1, 15:23:48,-4,132.51,1006.28,21.65,885.06,1.189,-13.69,217.35,235.23,130.6,56.09,14.27,-1.97,-26.73,-39.21,-47.24,-39.03,-50.23,-52.51,-54.29,-49.09,-43.21,-36.85,-27.82,-19.21,-14.59,-10.45,-5.73,-3.53,19.77,22.8,-12.61,-507.9,-348.1,-248.72,-193.82,-144.06,-114.88,-99.16,-89.22,-80.7,-73.33,-66.74,-60.36,-53.92,-47.91,-41.94,-35.33,-28.43,-20.47,-12.21,-2.97,6.62,16.26,22.8,280.98,281.21,281.83,282.71,281.22,280.76,282.24,281.57,281.73,281.79,281.54,281.53,281.93,281.49,281.12,281.89,281.61,282.9,282.46,281.94,281.02,277.95,268.8,265.17,259.78,262.78,262.75,264.3,268.17,273.81,274.17,273.43,272.07,269.31,274.25,277.9,280.58,281.83,282.29,283,281.98,281.76,282.11,281.65,283.15,281.61,281.92,281.73,15.25,13.64,14.71,14.43,14.49,15.6,15.6,15.36,16.06,15.68,15.81,12.49,0.37,0.14,0.2,0.25
2, 15:24:04,-4,137.41,1006.33,21.69,884.65,1.189,-15.95,220.19,240.18,133,56.57,13.31,-2.55,-27.71,-39.71,-47.78,-40.5,-51.23,-53.63,-55.4,-50.26,-43.63,-37.55,-28.9,-19.68,-15.15,-11.05,-6.23,-3.89,20.23,22.51,-14.38,-519.9,-355.63,-255.05,-198.76,-145.62,-117.86,-101.79,-91.77,-82.85,-75.28,-68.59,-62.02,-55.45,-49.28,-43.29,-36.52,-29.49,-21.33,-12.96,-3.52,6.27,16.02,22.51,286.16,286.18,286.68,287.79,286.3,285.96,287.1,286.61,286.93,286.98,286.63,286.82,286.81,286.41,286.17,287.07,286.36,287.8,287.51,287.34,283.56,271.84,247.53,233.56,233.66,256.56,272.12,280.84,284.31,287,286.88,287.33,285.95,286.19,285.59,285.6,285.93,286.04,286.21,286.89,285.82,285.44,285.74,285.45,286.92,285.77,285.58,285.51,15,13.62,14.69,14.44,14.49,15.26,15.44,15.35,16.13,15.58,15.6,12.48,-0.08,0.14,0.2,0.27
3, 15:24:32,-3,134.73,1006.33,21.74,885.16,1.189,81.41,217.79,213.77,101.8,28.06,-2.07,-19.52,-44.1,-53.86,-60.14,-53.79,-61.85,-62.34,-62.55,-55.96,-49.48,-41.49,-32.76,-24.43,-20.1,-16.89,-12.51,-3.22,29.68,20.1,78.9,-358.27,-272.7,-197.63,-151.17,-123.89,-105.69,-92.05,-82.82,-75.12,-68.33,-62.53,-57.29,-51.66,-45.76,-38.78,-30.98,-23.42,-15.58,-8.03,0.53,9.45,18.8,20.1,283.76,283.97,284.5,285.57,284.12,283.66,284.87,284.46,284.58,284.6,284.26,284.59,284.68,284.32,283.96,284.69,284.43,285.74,285.29,284.1,276.34,259.63,241.11,241.83,251.11,270.47,278.54,281.92,282.78,284.88,284.63,285.1,284.25,283.38,283.89,283.85,284.23,284.45,284.45,285.16,284.21,283.9,284.17,283.77,285.1,283.89,283.98,284,14.88,14.1,15.13,14.73,14.65,15.56,15.43,15.35,16.17,15.58,15.5,13.05,0.29,0.11,0.19,0.22
4, 15:25:05,-2,133.68,1006.22,21.8,885.02,1.188,169.12,209.83,182.98,69.71,5.75,-24.73,-41.32,-60.48,-70.76,-72.68,-63.72,-71.61,-70.47,-69.48,-61.45,-54.21,-45.89,-38.15,-30.96,-26.67,-24.24,-18.83,17.71,33.3,18.47,165.3,-211.95,-193.33,-148.93,-118.58,-98.89,-84.62,-75,-67.85,-61.84,-56.32,-51.56,-47.21,-42.4,-38.22,-33.84,-29.13,-24.47,-19.63,-15.5,-10.99,-4.37,12.87,18.47,281.85,282.1,282.67,283.6,282.22,281.66,283.12,282.48,282.69,282.8,282.36,282.77,282.84,282.62,282.03,282.74,282.33,283.5,281.99,276.17,262.44,249.08,243.54,254.11,263.13,276.97,279.87,280.51,280.66,282.87,282.54,282.89,282.44,281.22,282.03,282.08,282.37,282.51,282.68,283.13,282.48,282.06,282.45,281.82,283.32,281.92,282.23,282.17,14.64,14.39,15.41,14.97,14.8,15.71,14.67,15.56,16.03,15.37,15.3,13.48,-0.05,0.12,0.21,0.25
5, 15:25:26,-1,135.66,1006.36,21.83,885.32,1.188,235.36,193,147.78,34.62,-24.2,-52.43,-63.34,-79.89,-87.26,-87.87,-76.85,-84.94,-82.74,-79.27,-70.85,-61.45,-52.78,-45.24,-39.56,-35.19,-32.54,-8.79,21.55,31.89,20.09,234.51,-80.33,-119.01,-103.25,-89.08,-76.1,-67.05,-58.89,-53.81,-49.69,-45.6,-41.9,-38.42,-34.6,-31.01,-27.18,-22.82,-18.1,-13.08,-8.67,-4.33,-0.69,4.2,20.09,284.96,285.06,285.58,286.5,285.12,284.76,286.01,285.44,285.75,285.93,285.47,286.41,285.79,285.31,285.06,285.81,284.64,284.32,278.94,265.6,250.53,250.44,257.68,271.13,275.78,284.2,284.12,283.83,283.91,285.93,285.66,286.06,285.98,284.77,285.69,285.54,285.94,286.17,286.23,286.8,285.97,285.36,285.86,285.41,286.95,285.76,285.68,285.85,14.55,14.94,15.97,15.45,14.07,16.13,15.55,15.86,16.05,15.31,15.25,14.14,0.52,0.12,0.21,0.24
6, 15:25:53,0,131.23,1006.28,21.87,884.33,1.188,269.12,153.68,96.17,-2.72,-58.89,-78.76,-85.62,-98.24,-103.48,-101.72,-89.94,-94.78,-92.38,-86.73,-77.33,-68.92,-59.62,-53.09,-48.45,-46.01,-41.42,6.56,19.49,27.57,32.93,265.52,35.31,-42.89,-55.85,-56.31,-50.92,-45.17,-41.11,-38.21,-35.78,-33.21,-30.73,-28.48,-25.51,-22.81,-19.6,-15.65,-11.16,-6.28,-1.7,2.91,6.48,8.79,32.93,279.2,279.32,279.88,280.65,279.42,279.01,280.34,279.83,280.05,280.21,279.73,280.44,280.1,279.84,279.61,279.67,277.23,272.47,261.63,247.42,243.21,249.84,256.78,268.42,273.05,279.98,278.94,278.17,277.98,280.31,279.91,280.16,280.05,278.41,279.58,279.23,279.93,280.07,280.32,280.54,279.94,279.69,280.07,279.53,280.84,279.32,280.05,280.09,13.51,14.64,15.58,14.96,12.4,15.49,14.65,14.95,15.17,14.35,14.22,13.95,-0.42,0.13,0.17,0.2
7, 15:26:22,1,134.26,1006.26,21.9,884.87,1.188,281.83,103.75,35.72,-56.07,-101.56,-114.12,-115.08,-127.6,-126.86,-123.58,-108.64,-112.54,-108.24,-101.61,-91.5,-83.67,-73.54,-67.69,-62.87,-60.51,-25.39,1.76,10.97,20.32,27.36,278.66,142.69,32.35,-5.38,-19.36,-22.04,-21.33,-21.18,-20.23,-19.64,-18.41,-17.15,-15.65,-13.78,-11.69,-9.14,-5.64,-1.4,3.28,8.14,13.43,17.29,19.7,27.36,284.22,284.5,284.98,285.85,284.43,284.05,285.33,284.78,285.09,285.32,284.79,285.58,285.01,284.61,284.32,283.57,275.55,260.01,244.22,246.01,260,274.44,280.46,285.45,283.26,285.98,284.51,283.22,283.3,285.24,285.19,285.55,285.41,283.4,284.95,284.62,285.29,285.54,285.61,286.12,285.45,284.95,285.32,284.75,286.27,285.04,285.08,285.45,12.96,15.4,16.28,15.44,14.22,15.63,15.16,14.87,14.95,13.9,13.78,14.9,-0.24,0.12,0.17,0.23
8, 15:26:41,2,135.21,1006.24,21.94,884.71,1.188,273.59,43.09,-20.28,-102.7,-136.71,-143.65,-140.16,-146.27,-143.87,-139.46,-120.84,-124.44,-118.52,-109.37,-98.95,-91.42,-82.74,-77.18,-72.69,-63.3,-10.75,-0.2,8.84,20.45,32.97,269.46,207.79,86.03,32.72,7.81,0.24,-2.92,-5.61,-6.65,-7.63,-7.81,-7.66,-7.32,-6.45,-5.29,-3.7,-1.14,2.21,6.17,10.67,16.15,20.87,24.4,32.97,283.82,283.9,284.42,285.32,284,283.53,284.82,284.26,284.67,284.75,284.33,285.17,284.97,284.33,283.46,277.71,259.74,242.6,243.33,257.5,273.35,281.88,283.31,285.35,282.92,285.43,284.09,282.63,282.79,284.69,284.62,284.88,284.53,282.8,284.03,283.83,284.44,284.77,284.77,285.25,284.57,284.1,284.44,283.78,285.35,284.09,284.24,284.79,12.22,15.39,16.19,15.24,13.89,15.28,14.66,14.41,14.34,13.22,13.08,15.01,-0.49,0.13,0.18,0.23
9, 15:27:13,3,134.73,1006.27,21.97,884.87,1.188,226.61,-18.58,-88.58,-154.64,-177.47,-174.79,-166.16,-167.78,-162.21,-155.84,-135.43,-135.92,-127.91,-120.04,-108.59,-101.19,-93.16,-89.42,-86.36,-24.69,-14.82,-3.4,7.28,19.82,36.63,225.16,252.9,136.54,69.02,35.24,21.33,14.58,9.94,7.2,4.67,3.05,1.99,1.21,1.37,1.51,2.3,3.96,6.4,9.55,13.31,18.39,23.2,27.49,36.63,285.47,285.75,286.23,287.3,285.73,285.43,286.55,286.04,286.49,286.45,286.06,286.91,287.15,285.87,280.35,260.94,243.16,243.54,258.87,274.67,284.04,286.09,285.39,286.99,284.6,287.11,285.83,284.51,284.61,286.43,286.45,286.75,285.29,285.97,284.66,284.53,285.13,285.39,285.54,285.97,285.25,284.68,285.12,284.67,285.96,284.78,284.92,285.62,11.99,15.85,16.64,15.5,13.8,15.55,14.83,14.55,14.21,13.02,12.9,15.63,0.06,0.13,0.18,0.23
10, 15:27:45,4,136.01,1006.26,22.01,885.37,1.188,128.28,-102.29,-161.93,-207.62,-214.83,-203.85,-189.93,-187.69,-181.61,-170.03,-149.82,-146.69,-138.81,-131.13,-120.43,-112.68,-105.1,-102.64,-46.8,-29.43,-20.88,-7.08,5.24,19.3,37.05,126.88,272.93,178.21,102.67,60.67,42.7,31.93,25.64,21.29,17.18,14.24,12.08,10.32,9.72,8.97,8.99,9.78,11.48,13.85,16.91,21.37,25.77,30.15,37.05,284.31,284.48,285.08,286.08,284.6,284.34,285.12,284.66,285.34,285.12,284.94,285.59,285.7,279.46,258.38,239.98,242.66,257.39,274.42,282.91,285.11,285.05,284.21,285.79,283.28,285.98,284.65,283.14,283.29,285.2,285.01,285.62,283.82,283.62,283.25,282.99,283.7,284.06,284.12,284.33,283.75,283.37,283.9,283.15,284.52,283.23,283.51,283.73,11.44,15.98,16.73,15.17,13.23,15.32,14.86,14.15,13.75,12.49,12.4,15.97,0.15,0.14,0.2,0.23
11, 15:28:33,5,135.49,1006.23,22.07,884.44,1.187,-17.24,-198.31,-248.24,-269.93,-259.77,-239.71,-218.29,-212.44,-202.22,-188.7,-166.78,-162.79,-152.76,-145.58,-135.77,-127.98,-121.5,-71.08,-49.14,-39.69,-27.67,-10.84,3.1,17.99,35.83,-17.52,278.82,217,134.87,86.89,63,50.09,41.17,35.11,29.58,25.49,22.28,19.62,17.98,16.39,15.66,15.66,16.69,18.44,20.85,24.78,28.64,32.9,35.83,286.88,287.06,287.54,288.59,287,286.81,287.39,287.46,287.81,287.41,287.44,287.92,282.27,258.25,239.11,244.64,263.11,279.12,286.51,287.68,287.89,287.65,286.64,288.2,285.89,288.18,286.99,285.72,285.78,287.66,287.68,287.89,286.64,287.21,286.23,285.78,286.44,286.73,286.94,287.19,286.53,286.01,286.51,285.81,287.2,286.25,286.26,286.52,10.23,15.61,16.29,14.25,12.37,14.51,14.58,13.29,12.7,11.35,11.22,15.66,-0.54,0.13,0.21,0.2
12, 15:29:15,6,133.49,1006.25,22.11,885.32,1.187,-205.07,-281.5,-332.4,-324.25,-298.4,-267.94,-240.73,-231.56,-217.27,-201.5,-179.49,-173.39,-164.14,-158.27,-146.97,-133,-88.2,-70.42,-58.48,-46.32,-31.75,-13.82,0.48,15.73,33.46,-205.89,264.21,239.34,159.38,107.43,81.36,64.91,54.69,47.41,40.68,35.44,31.4,27.79,25.45,23.13,21.64,20.96,21.28,22.3,23.96,27.28,30.46,34.13,33.46,280.34,280.42,281.15,281.77,280.41,280.03,281.38,280.74,281.09,281.19,280.45,274.27,250.41,228.8,234.37,257.44,275.26,281.33,281.64,281.09,281.27,281.14,280.46,281.77,279.31,281.78,280.57,279.26,279.19,281.33,280.85,281.44,280.3,280.47,279.77,279.37,280.02,280.11,280.58,280.57,279.99,279.98,280.37,279.56,281.12,279.67,280.14,280.02,9.36,15.35,15.94,13.57,11.7,13.83,14.1,12.47,11.99,10.51,10.45,15.56,-0.89,0.15,0.18,0.18
13, 15:29:47,7,134.76,1006.29,22.15,885.3,1.187,-435.62,-415.36,-429.77,-389.62,-343.69,-303.43,-270.35,-256.27,-238.92,-222.11,-198.17,-192.21,-176.78,-157.53,-132.56,-116.64,-97.33,-81.78,-65.7,-51.24,-34.81,-15.52,-0.63,14.79,32.05,-436.01,242.21,261.53,187.15,130.3,100.71,82.18,69.85,61.25,53.17,46.91,41.82,37.37,34.09,31.01,28.81,27.48,27.08,27.37,28.42,31.05,33.72,36.8,32.05,283.56,283.67,284.26,285.08,283.71,283.21,284.23,284.01,284.35,284.32,275.49,249.02,227.1,232.08,258.54,279.21,283.77,285.31,284.86,284.45,284.47,284.34,283.51,285.1,282.49,285.43,283.84,282.5,282.42,284.49,284.02,284.7,282.75,283.29,282.08,281.87,282.62,282.79,283.05,283.12,282.55,282.32,282.77,281.89,283.3,282.07,282.46,282.57,9.03,15.72,15.94,13.34,11.51,13.78,14.09,12.36,11.81,10.2,10.16,16.1,-0.62,0.15,0.16,0.19
14, 15:30:26,8,133.97,1006.26,22.19,884.94,1.187,-684.3,-519.22,-520.23,-445.03,-381.57,-331.58,-294.79,-277.88,-258.11,-228.98,-198.17,-187.03,-170.06,-158.87,-142.35,-123.29,-102.83,-86.19,-68.32,-53.32,-36.29,-17.39,-2.78,11.81,27.88,-685.23,197.42,267.56,203.8,146.04,114.79,95.37,81.08,71.51,62.36,55.22,49.49,44.05,40.25,36.43,33.65,31.64,30.55,30.23,30.64,32.54,34.53,37.03,27.88,277.93,278.16,278.71,279.27,278.08,277.63,278.97,278.39,278.67,278.22,241.56,217.51,222.76,245.74,269.64,278.01,278.6,279.66,279.37,278.76,278.92,279.01,277.87,279.41,276.8,280.31,278.25,276.97,276.77,279.12,278.66,279.23,279.96,279.92,279.46,279.04,279.57,279.68,280.26,280.21,279.24,279.74,280.05,279.03,280.62,279.25,279.94,279.55,7.27,14.63,14.17,11.66,9.94,12.5,13.02,11.13,10.07,8.46,8.47,15.12,-1.49,0.18,0.22,0.27
15, 15:31:02,9,133.19,1006.32,22.23,885.01,1.187,-983.24,-646.64,-636.48,-519.34,-437.87,-382.36,-325.11,-287.68,-260.82,-241.25,-212.02,-202.48,-185.04,-170.64,-149.76,-129.66,-107.5,-89.2,-70.05,-54.12,-36.79,-17.85,-3.05,10.5,27.49,-984.37,146.09,281.01,228.17,169.2,135.14,112.9,97.54,86.48,76.11,67.85,61.05,54.91,50.02,45.5,41.85,39.1,37.32,36.3,36.03,37.25,38.68,40.27,27.49,286.55,286.67,287.32,288.25,286.91,286.49,287.02,287.12,287.49,276.06,223.16,222.08,245.74,271.4,284.24,287.16,286.82,288.25,287.96,287.5,287.57,287.33,286.38,287.88,285.73,288.95,286.83,285.61,285.65,287.55,287.42,287.72,287.3,287.11,286.6,286.2,287.14,287.51,287.61,288.05,287.24,286.71,287.18,286.67,287.38,286.65,286.91,287.29,7.94,16.01,14.65,12.33,10.97,13.37,14.03,11.81,10.93,9.13,9.18,16.64,-0.7,0.15,0.17,0.19
16, 15:32:32,10.2,131.9,1006.3,22.34,884.69,1.186,-1184.87,-680.05,-756.66,-694.45,-431.08,-377.8,-327.23,-300.02,-272.74,-248.46,-215.2,-202.9,-183.15,-167.23,-145.11,-124.78,-102.64,-84.27,-65.7,-50.43,-35.42,-19.89,-9.31,-0.2,13.86,-1187.84,83.68,273.31,235.98,181.09,145.29,121.66,106.12,94.21,83.06,73.93,66.42,59.41,53.88,48.66,44.13,40.63,37.96,36.03,34.69,34.91,35.07,35.67,13.86,279.39,279.71,280.23,280.98,279.67,279.13,280.12,280.06,276.85,239.92,210.2,227.77,253.38,271.39,278.21,280.3,280,281.26,281.04,280.33,281.17,280.37,279.38,280.97,278.47,281.83,279.74,278.57,278.29,280.76,279.89,280.69,280.65,281.19,280.11,279.59,280.24,280.52,281.04,281.08,280.15,280.27,280.75,279.94,280.95,279.97,280.53,280.17,6.89,14.04,11.87,9.82,9.4,12.6,12.3,11.49,9.94,8.13,8.14,16.09,-1.01,0.19,0.24,0.26
17, 15:33:07,10.4,134.63,1006.27,22.35,884.53,1.186,-1238.8,-699.83,-795.87,-667.28,-448.69,-388.55,-335.08,-306.74,-278.77,-253.55,-218.35,-205.76,-186.24,-168.13,-147.72,-125.68,-103.28,-84.73,-66.2,-50.79,-36.16,-21.38,-11.19,-2.21,11.89,-1240.3,76.39,278.21,242.17,186.98,149.83,126.02,109.71,97.46,85.89,76.45,68.7,61.41,55.61,50.17,45.42,41.68,38.87,36.69,35.2,35.22,35.24,35.61,11.89,284.71,285.08,285.67,286.47,285.18,284.63,285.02,285.3,280.51,239.14,214.75,234,259.73,277.08,283.51,285.41,285.07,286.45,286.15,285.78,286.57,285.56,284.68,286.18,283.94,287.12,285.03,283.81,283.75,285.75,285.4,286.03,285.21,285.98,284.51,284.13,285.16,285.38,285.66,285.73,285.19,284.79,285.27,284.61,285.26,284.78,285.04,284.89,7.06,14,11.37,8.97,8.48,12.02,11.14,11.45,10.3,8.39,8.35,16.45,-0.73,0.17,0.21,0.24
18, 15:33:27,10.6,131.71,1006.29,22.38,885.12,1.186,-1228.48,-696.65,-796.3,-621.67,-440.92,-381.05,-327.39,-298.33,-270.72,-246.34,-212.01,-199.12,-180.47,-163.63,-142.59,-121.77,-99.65,-81.23,-64.2,-50.04,-35.71,-21.84,-12.31,-3.75,9.1,-1230.78,67.09,271.34,238.24,184.96,148.1,124.91,108.77,96.68,85.27,75.87,68.14,60.85,55.11,49.66,44.91,41.11,38.18,35.92,34.28,34.18,33.95,34.15,9.1,278.19,278.28,278.9,279.56,278.35,277.74,278.94,278.64,272.01,229.53,209.57,229.38,253.71,270.23,276.91,279.07,278.73,279.79,279.53,278.94,279.85,278.99,278.11,279.69,277.11,280.54,278.38,277.14,276.99,279.41,278.61,279.32,279.51,280.01,279.12,278.47,278.97,279.15,279.94,279.77,278.88,279.28,279.58,278.67,279.68,278.68,279.57,279.01,7.18,13.65,10.79,8.21,7.09,11.05,9.28,11.18,10.46,8.56,8.47,16.36,-0.75,0.18,0.2,0.21
19, 15:34:24,10.8,132.6,1006.28,22.43,884.53,1.186,-1268.24,-716,-835.17,-569.22,-452.15,-388.14,-332.88,-303.2,-275.09,-249.57,-214.67,-201.69,-181.76,-164.75,-142.96,-121.84,-100.1,-81.95,-64.62,-50.72,-36.11,-24.06,-14.62,-6.6,6.05,-1271.16,55.78,272.76,241.87,188.24,151.02,127.4,110.8,98.48,86.75,77.15,69.19,61.87,55.72,50.12,45.17,41.19,38.12,35.68,33.84,33.56,33.17,33.15,6.05,280.14,280.27,280.84,281.76,280.4,279.75,280.76,280.41,271.66,227.82,209.36,228.4,253.69,270.83,278.51,280.76,280.72,281.83,281.51,281.21,281.84,280.95,280.06,282.02,279.04,282.6,280.2,279.11,278.99,281.23,280.75,281.29,280.88,280.42,280.31,279.92,280.5,280.57,281.3,281.19,280.33,280.64,280.94,280.11,280.73,280.14,280.83,280.49,6.59,13.12,9.9,7.14,6.14,9.77,8.29,10.37,9.94,8.04,7.95,15.95,-1.05,0.17,0.19,0.2
20, 15:34:55,11,134.27,1006.29,22.45,885.72,1.186,-1317.21,-742.37,-881.8,-535.4,-464.31,-396.76,-339.93,-308.04,-280.27,-253.04,-217.26,-203.48,-183.62,-165.31,-143.61,-122.38,-100.4,-81.61,-64.58,-50.32,-37.27,-25.51,-16.02,-8.76,3.3,-1319.57,45.31,276.63,247.85,193.29,155.54,131.48,114.4,101.75,89.7,79.86,71.65,63.89,57.7,51.89,46.69,42.56,39.31,36.63,34.72,34.19,33.62,33.35,3.3,284.25,284.57,285.06,286.17,284.56,284.17,284.76,284.47,273.56,227.19,211.63,232.81,258.96,275.71,282.55,284.82,284.85,285.88,285.65,285.19,286,285.13,284.22,286.21,283.42,286.61,284.47,283.26,283.24,285.36,284.92,285.46,284.32,284.24,283.66,283.34,284.34,284.3,284.75,284.98,284.23,284.09,284.57,283.74,284.3,283.84,284.08,284.06,7.06,13.46,10.31,7.44,6.47,9.9,8.28,10.79,10.32,8.54,8.46,16.52,-0.78,0.16,0.2,0.23
21, 15:35:24,11.2,133.74,1006.35,22.48,885.36,1.186,-1328.74,-769.99,-909.91,-522.25,-467.08,-397.26,-339.66,-308.19,-279.28,-252.18,-216.04,-202.92,-182.39,-165.09,-142.49,-121.33,-100.34,-82.23,-65.44,-51.37,-39.48,-29.13,-19.17,-13.31,-1.38,-1330.6,36.36,273.18,246.76,192.65,154.9,131.23,113.94,101.2,89.08,79.09,70.83,63.09,56.7,50.75,45.44,41.13,37.73,34.99,32.84,32.22,31.37,30.87,-1.38,281.7,282,282.48,283.36,281.95,281.33,282.22,281.62,268.04,221.26,211.54,234.14,259.12,274.37,280.18,282.31,282.36,283.43,283.13,282.71,283.41,282.59,281.76,283.82,280.78,284.33,281.91,280.77,280.65,282.84,282.44,282.99,282.34,282.4,281.73,281.2,282.04,282.03,282.64,282.76,281.96,281.85,282.4,281.3,282.39,281.58,282.21,282.12,6.47,12.76,9.25,5.73,4.32,6.94,5.71,8.65,9.69,8.08,7.91,15.86,-1.85,0.16,0.18,0.19
22, 15:36:11,11.4,132.18,1006.36,22.51,884.68,1.186,-1177.94,-856.59,-959.93,-522.45,-470.81,-398.92,-340.3,-307.91,-278.13,-251.1,-214.37,-200.9,-179.64,-161.82,-139.65,-119.11,-97.4,-79.77,-63.39,-50.32,-38.94,-29.3,-20.24,-15.05,-3.38,-1180.51,20.5,272.42,248.67,195.53,157.57,133.72,116.28,103.37,91.14,81.04,72.65,64.72,58.27,52.2,46.82,42.37,38.83,35.93,33.66,32.8,31.77,31.01,-3.38,281.62,281.9,282.45,283.46,281.89,281.39,282.24,281.12,264.73,217.71,212.95,236.66,261.05,275.19,280.7,282.34,282.06,283.35,283.19,282.61,283.2,282.36,281.6,283.46,280.6,284.07,281.9,280.66,280.52,282.67,282.23,282.61,282.97,283.13,282.32,281.79,282.66,282.78,283.29,283.49,282.69,282.67,283.07,282.11,283.06,282.35,282.93,282.59,6.95,13.28,9.6,5.69,4.71,7.27,5.85,9.09,10.07,8.56,8.41,16.44,-0.68,0.17,0.21,0.2
23, 15:37:00,11.6,133.22,1006.28,22.56,884.68,1.185,-1208.5,-897.13,-1028.19,-541.19,-479.31,-403.32,-342.71,-309,-278.71,-250.42,-213.91,-199.49,-178.54,-160.98,-138.88,-117.57,-96.39,-79.01,-63.31,-51.71,-40.53,-31.95,-23.6,-19.11,-7.92,-1211.8,9.18,270.98,249.87,196.87,158.83,135,117.32,104.25,91.84,81.61,73.07,65.03,58.4,52.17,46.66,42.07,38.34,35.22,32.87,31.75,30.48,29.44,-7.92,280.98,281.55,281.87,282.77,281.43,280.75,281.57,280.24,261.12,213.18,212.72,236.37,260.75,274.19,279.8,281.67,281.6,282.88,282.55,282.02,282.74,281.93,281.01,282.81,280.17,283.59,281.33,280.08,279.97,282.13,281.72,282.21,281.98,281.62,281.38,280.85,281.75,281.78,282.3,282.3,281.45,281.71,282.08,281.05,282.02,281.21,281.85,281.61,6.7,12.98,9.14,5.27,3.94,6.34,5.18,8.55,9.75,8.36,8.15,16.35,-1.57,0.19,0.23,0.23
24, 15:37:29,11.8,133.32,1006.26,22.58,885.32,1.185,-1269.46,-928.57,-1062.19,-576.16,-490.31,-409.58,-348.78,-312.95,-281.84,-253.49,-215.31,-200.52,-178.39,-160.03,-138.58,-117.32,-96.2,-78.89,-63.71,-52.71,-42.24,-34.72,-27.22,-23.52,-11.43,-1272.07,-3.68,272.76,254.22,200.81,162.23,138.14,119.89,106.56,93.9,83.45,74.63,66.37,59.52,53.14,47.39,42.64,38.69,35.42,32.74,31.53,30.08,28.73,-11.43,283.87,284.39,284.74,285.6,284.12,283.68,284.3,282.35,259.59,212.51,216.81,241.99,265.48,278.06,282.94,284.51,284.19,285.67,285.38,284.74,285.5,284.74,283.85,285.53,283.07,286.41,284.06,282.96,282.81,284.9,284.55,285.13,284.08,284.31,283.46,282.89,283.81,283.96,284.35,284.41,283.66,283.45,284.09,283.25,284.15,283.38,283.78,283.73,6.62,12.95,8.96,4.62,3.01,4.91,4.32,7.4,9.7,8.31,8.1,16.29,-1.01,0.15,0.19,0.21
25, 15:38:24,12.2,133.63,1006.35,22.62,884.91,1.185,-1327.68,-964.88,-1071.91,-601.99,-496.65,-411.03,-348.31,-311.24,-279.4,-248.72,-210.6,-194.28,-172.84,-153.68,-130.84,-110.78,-90.55,-74.99,-61.43,-52.62,-44.41,-39.14,-35.03,-32.58,-20.51,-1329.81,-22.1,270.36,256.45,204.12,165.7,141.18,122.81,109.22,96.25,85.54,76.5,67.97,60.85,54.14,48.07,42.97,38.72,35.05,32,30.29,28.22,26.22,-20.51,283.56,283.95,284.4,285.38,283.87,283.47,284.06,280.06,250.78,205.33,219.88,245.42,267.5,278.77,282.68,284.27,284.11,285.36,285.06,284.53,285.31,284.41,283.56,285.3,282.8,285.92,283.92,282.67,282.49,284.76,284.4,284.84,283.77,283.92,283.08,282.57,283.55,283.76,284.05,284.14,283.53,283.4,283.77,282.96,283.87,283.16,283.59,283.6,6.9,12.92,8.45,3.93,2.55,4.59,3.46,6.82,9.31,8.49,8.42,16.63,-0.94,0.14,0.19,0.24
26, 15:38:51,12.4,135.12,1006.32,22.63,885.24,1.185,-1359.66,-971.85,-1108.28,-604.78,-498.79,-412.04,-348.11,-310.56,-276.88,-246.45,-207.01,-190.98,-168.31,-148.58,-126.14,-105.91,-87.08,-72.55,-60.5,-53.6,-47.28,-43.59,-40.79,-38.85,-27.14,-1362.21,-27.06,270.16,258.54,206.47,168.08,142.75,124.38,110.59,97.42,86.54,77.27,68.63,61.25,54.33,48.1,42.78,38.3,34.39,31.04,29.1,26.69,24.37,-27.14,284.94,285.27,285.79,286.72,285.28,284.75,285.46,279.67,246.78,204.09,222.41,247.67,269.33,280.45,283.99,285.66,285.36,286.7,286.47,286.06,286.65,285.78,284.99,286.36,284.16,287.38,285.28,284.08,284.02,286.05,285.78,286.24,284.89,285.71,284.29,283.74,284.65,284.83,285.2,285.3,284.68,284.51,284.84,284.35,285.13,284.24,284.73,284.57,7.14,13.48,8.69,3.91,2.44,4.39,3.22,7.43,9.95,8.87,8.68,16.91,-0.51,0.14,0.18,0.23
27, 15:39:37,12.6,134.59,1006.31,22.66,884.72,1.185,-1378.84,-987.43,-1123.03,-603.22,-495.96,-410.41,-344.77,-306.99,-273.1,-241.5,-203.31,-185.55,-161.6,-143.1,-120.29,-100.47,-83.54,-70.73,-61.04,-56.41,-52.48,-49.53,-47.87,-45.72,-34.24,-1382.8,-32.8,266.84,257,205.83,167.29,142.14,123.58,109.67,96.41,85.4,76.04,67.05,59.76,52.68,46.31,40.79,36.06,31.98,28.34,26.09,23.34,20.86,-34.24,282.56,283.01,283.46,284.46,283.01,282.32,283.18,282.91,283.41,283.14,283.17,284.06,284.38,283.39,282.8,283.34,282.28,279.82,268.07,245.35,218.39,201.43,198.86,216.8,235.53,264.32,276.32,280.29,281.56,283.77,283.47,283.89,283.44,284.39,282.75,282.29,283.23,283.42,283.71,283.79,283.11,283.02,283.51,282.84,283.77,282.83,283.22,283.29,8.88,18.69,19.57,17.71,14.08,5.04,9.58,2.05,2.71,1.85,5.53,18.79,-1.62,0.13,0.17,0.22
28, 15:40:01,12.8,135.25,1006.24,22.68,885.14,1.185,-1394.85,-1000.25,-1127.46,-608.58,-497.18,-412.51,-343.66,-305.52,-269.46,-237.58,-198.39,-182.92,-155.92,-136.65,-113.72,-95.54,-80.59,-69.59,-62.6,-59.88,-57.63,-54.81,-52.92,-51.36,-39.01,-1399.44,-37.25,268.61,260.42,209.66,170.64,145.13,126.2,112.14,98.61,87.36,77.83,68.58,61.11,53.84,47.26,41.52,36.56,32.23,28.38,25.79,22.72,19.69,-39.01,285.32,285.64,286.13,287.05,285.76,285.07,285.86,285.64,286.14,285.92,285.88,286.67,286.89,285.98,285.3,285.72,283.97,280.28,266.5,242.35,215.49,201.04,201.4,220.12,239.6,267.26,278.61,282.65,284,286.2,285.93,286.54,286.42,284.93,285.79,285.76,286.34,286.61,286.91,287.07,286.43,286.01,286.36,285.94,286.92,286.01,286.21,286.67,9.33,19.11,20.01,18.14,14.35,5.49,9.83,2.43,2.7,2.23,6.43,19.23,-1.02,0.15,0.2,0.22
29, 15:40:21,13,133.17,1006.28,22.69,885.1,1.185,-1364.11,-994.07,-1144.52,-599.04,-489.4,-405.95,-336.24,-297.15,-261.94,-228.85,-190.72,-172.49,-147.02,-126.72,-104.55,-90.04,-77.99,-70.82,-66.92,-65.56,-63.37,-60.77,-59.17,-57.49,-44.91,-1368.11,-40.57,265.3,258.51,207.83,169.68,144.22,125.58,111.51,97.99,86.73,77.09,67.87,60.26,52.92,46.13,40.28,35.18,30.65,26.56,23.7,20.37,17.03,-44.91,282.62,283.01,283.44,284.37,283.01,282.54,283.39,283.01,283.41,283.4,283.15,283.99,284.25,283.37,282.59,282.99,280.78,275.12,259.85,235.15,210.08,199.02,201.21,221.33,240.35,266.54,276.53,280.06,281.25,283.62,283.33,283.85,284.33,283.33,283.68,283.51,284.23,284.44,284.62,284.86,284.22,283.96,284.25,283.8,285,283.79,284.15,284.43,9.96,19.15,20.06,18.07,14.19,5.02,9.43,2.74,3.26,3.05,7.28,19.26,-0.72,0.14,0.21,0.23
30, 15:40:43,13.2,132.66,1006.28,22.71,884.79,1.185,-1286.66,-988.39,-1158.97,-592.23,-482.1,-399.73,-330.1,-291.38,-254.57,-220.52,-181.23,-164.55,-140.6,-119.03,-100.35,-88.69,-79.32,-74.2,-70.9,-69.87,-67.36,-64.18,-63.16,-62.4,-48.4,-1289.84,-41.71,264.33,258.46,208.52,170.33,144.41,125.91,111.81,98.18,86.82,77.08,67.9,60.02,52.55,45.65,39.66,34.38,29.65,25.38,22.25,18.68,15.06,-48.4,281.78,282.22,282.59,283.59,282.2,281.59,282.82,282.25,282.73,282.66,282.24,283.07,283.55,282.56,281.82,281.96,278.8,271.54,254.18,228.89,206.44,196.72,200.74,221.23,240.17,266.54,276.21,279.31,280.35,282.87,282.39,282.94,282.38,283.55,281.76,281.49,282.28,282.27,282.69,282.75,282.22,282.09,282.41,281.57,283,281.77,282.31,282.31,10.51,19.3,20.25,18.41,14.37,4.78,9.3,2.45,2.72,3.59,8.29,19.38,-1.16,0.14,0.21,0.23
31, 15:41:06,13.4,134.31,1006.26,22.73,885.08,1.185,-1253.43,-986.75,-1176.93,-594.69,-482.75,-398.64,-327.6,-287.85,-250.49,-216.03,-175.82,-158.17,-135.4,-114.4,-97.81,-87.83,-80.96,-76.76,-73.55,-72.7,-70.33,-67.89,-67.36,-66.59,-52.64,-1256.19,-43,265.7,261.24,211.12,172.59,146.43,127.59,113.34,99.48,87.96,77.88,68.57,60.56,52.89,45.75,39.51,34.04,29.12,24.61,21.22,17.38,13.56,-52.64,283.87,284.28,284.81,285.66,284.16,283.83,284.85,284.29,284.74,284.72,284.4,285.27,285.61,284.62,283.73,283.7,279.7,271.34,251.98,225.69,204.4,197.39,203.82,225.69,244.97,269.74,278.5,281.4,282.5,284.86,284.35,284.98,285.17,284.26,284.7,284.37,285.12,285.39,285.65,285.96,285.19,284.78,285.25,284.43,285.78,284.73,284.96,285.45,11.17,19.59,20.58,18.55,14.19,4.77,8.67,2.22,3.57,5.1,9.47,19.6,-0.73,0.17,0.27,0.3
32, 15:41:23,13.6,132.67,1006.25,22.74,884.62,1.185,-1202.58,-968.77,-1179.97,-584.68,-471.32,-388.27,-317.94,-279.14,-240.04,-206.51,-165.78,-148.86,-128.01,-107.9,-93.89,-86.68,-82.18,-78.91,-76.28,-75.98,-73.37,-71.68,-70.63,-70.82,-56.19,-1206.64,-41.25,262.32,258.33,209.12,170.88,145.12,126.52,112.25,98.44,86.9,76.89,67.5,59.41,51.68,44.5,38.15,32.53,27.5,22.83,19.27,15.25,11.08,-56.19,280.57,280.92,281.47,282.34,280.89,280.43,281.74,281.05,281.43,281.5,281.01,281.98,282.36,281.35,280.41,279.87,275.02,264.73,244.33,219.78,200.02,194.22,202.2,224.13,242.81,266.8,275.02,278.06,279.1,281.71,281.08,281.7,280.93,281.28,280.57,280.15,280.86,281.12,281.49,281.38,280.77,280.66,281.16,280.46,281.71,280.42,281.1,280.95,10.9,18.89,19.9,17.79,13.01,3.47,7.2,0.8,2.64,5.28,9.85,18.88,-1.82,0.15,0.25,0.24
33, 15:41:47,13.8,135.55,1006.31,22.76,884.86,1.185,-1213.51,-973.19,-1196.98,-595.31,-477.45,-389.46,-316.71,-278.06,-235.4,-201.27,-157.21,-139.86,-119.77,-101.03,-88.5,-82.64,-78.97,-76.41,-74.48,-75.25,-74.69,-73.4,-73.49,-73.95,-61.42,-1217.14,-42.09,266.33,263.41,213.1,174.94,147.63,128.65,114.1,99.85,88.04,77.56,67.94,59.6,51.54,44.07,37.46,31.58,26.2,21.2,17.35,13.01,8.55,-61.42,285.24,285.73,286.14,286.94,285.61,285.2,285.98,285.69,286.11,286.08,285.78,286.55,286.86,285.74,284.77,283.24,276.4,263.64,241.09,216.67,200.94,199.43,209.33,230.91,248.79,271.38,279.59,282.52,283.76,286.11,285.75,286.39,285.46,284.81,284.93,284.74,285.39,285.67,285.85,286.05,285.57,285.08,285.39,284.65,286.03,285,285.24,285.59,10.91,18.67,19.75,17.64,12.07,2.21,5.11,1.26,4.09,7.72,10.99,18.7,-1.52,0.12,0.19,0.23
34, 15:42:07,14,133.52,1006.25,22.77,885.21,1.185,-1173.16,-933.87,-1171.45,-592.08,-463.45,-376.25,-304.94,-265.34,-222.65,-188.89,-143.56,-129.23,-112.21,-95.92,-85.31,-82.08,-78.7,-76.78,-75.28,-76.46,-75.43,-75.46,-75.66,-75.82,-63.96,-1176.01,-36.03,264.96,262.06,212.41,174.56,147.91,128.56,114.09,99.85,88.09,77.52,67.88,59.42,51.33,43.75,37,31.03,25.52,20.37,16.37,11.82,7.13,-63.96,283.76,284.13,284.58,285.51,284.1,283.54,284.64,284.14,284.59,284.65,284.25,284.95,285.43,284.19,282.83,280.39,272.63,259.26,235.6,212.13,198.57,198.77,209.69,232.37,250.45,271.77,278.93,281.33,282.2,284.63,284.3,284.83,285.53,285.16,284.89,284.54,285.48,285.7,286.07,286.11,285.61,285.06,285.37,284.62,286.05,285.12,285.17,285.83,12.41,19.97,21.07,18.98,13.37,2.15,5.5,1.33,3.99,7.98,12.19,19.92,-0.84,0.18,0.22,0.29
35, 15:42:39,14.2,132.79,1006.21,22.79,885.3,1.184,-1115.76,-892.95,-1118.15,-596.86,-446.83,-359.9,-289.54,-251.01,-208.68,-176.03,-131.24,-119.81,-106.2,-93.21,-84.92,-83.21,-80.59,-79.34,-77.74,-79.57,-78.88,-78.96,-79.5,-80.55,-68.86,-1119.49,-28.11,263.1,259.27,210.62,172.57,146.88,127.65,113.26,99.06,87.37,76.79,66.99,58.67,50.49,42.83,36.05,29.99,24.33,19.07,14.91,10.18,5.13,-68.86,281.01,281.23,281.91,282.71,281.37,280.73,282.16,281.42,281.82,281.86,281.51,282.31,282.86,281.48,279.51,276.26,266.67,250.24,226.91,205.01,194.48,197.59,210.21,232.03,248.82,269.21,276.04,278.53,279.42,282.05,281.48,282,282.09,280.34,281.39,281.05,281.9,282.07,282.35,282.43,281.83,281.64,282.01,281.17,282.76,281.33,281.93,282.14,11.92,19.89,21.07,19.17,13.98,0.45,5.72,-1.72,-0.39,3.04,9.59,19.64,-1.09,0.19,0.27,0.34
36, 15:43:08,14.576,132.65,1006.23,22.79,885.33,1.184,-643.12,-582.89,-607.4,-479.63,-405.1,-355.87,-310.96,-290.77,-261.03,-238.74,-201.65,-191.83,-176.8,-160.99,-148.59,-139.89,-131.29,-123.48,-114.98,-110.46,-104.62,-98.11,-92.59,-87.82,-67.72,-645.48,99.36,278.39,254.42,204.63,168.78,143.23,125.23,111.39,97.77,86.37,76.18,66.55,58.56,50.51,43.08,36.47,30.49,25.22,20.25,16.44,12.13,6.93,-67.72,289.27,289.41,290.07,290.88,289.23,289.15,289.64,289.73,290.14,289.46,288.42,288.31,286.6,282.88,278.22,272.34,262.58,250.36,234.24,217.51,205.41,200.47,196.88,198.83,197.77,202.25,202.88,203.3,205.78,210.11,211.29,216.26,205.45,226.77,219.83,226.51,233.22,238.38,250.22,261.98,268.96,275.3,280.67,283.57,287.21,287.01,288.07,288.59,-7.53,18.11,17.65,12.19,4.6,-8.55,-4.38,-11.13,-12.33,-12.83,-9.8,18.14,-0.35,0.15,0.25,0.28
37, 15:43:40,14.6,131.52,1006.25,22.83,884.87,1.184,-435.42,-310.92,-389.13,-380.04,-346.3,-316.83,-290.74,-285.24,-268.62,-253.87,-221.9,-215.88,-202.27,-188,-173,-162.09,-152.07,-142.16,-132.69,-125.69,-117.7,-109.08,-102.64,-97.05,-70.05,-436.94,155.49,276.23,242.31,193.39,158.19,135.19,117.89,104.69,91.8,80.92,71.1,62.09,54.24,46.52,39.37,33.01,27.25,22.21,17.4,13.74,9.56,5.57,-70.05,283.59,283.84,284.52,285.38,283.92,283.36,284.03,281.28,275.16,262.45,240.59,228.8,217.88,204.94,192.26,183.43,175.18,169.49,164.33,161.86,162.37,165.75,168.64,175.29,178.29,188.52,194.48,199.23,206.44,216.21,222.46,230.23,229.89,238.97,242.23,247.76,252.74,256.95,265.38,272.36,276.69,279.37,281.5,282.52,284.86,283.89,284.41,284.83,-4.28,12.62,6.05,-5.02,-11.15,-14.34,-13.6,-15.4,-14.07,-12.73,-8.26,16.08,-0.68,0.1,0.2,0.28
38, 15:44:12,14.8,134.04,1006.29,22.84,884.68,1.184,-405.1,-271.62,-338.62,-340.33,-319.77,-295.94,-279.98,-276.66,-263.69,-255.67,-227.97,-225.3,-214.25,-200.67,-187.63,-176.38,-167.07,-157.61,-146.8,-138.93,-130.5,-121.82,-113.55,-107.61,-78.32,-406.41,172.31,281.5,244.15,194.18,158.65,135.68,117.69,104.31,91.2,80.1,70.04,60.79,52.7,44.75,37.41,30.85,24.81,19.55,14.5,10.61,6.14,1.93,-78.32,288.92,289.01,289.44,290.5,289.01,288.63,289.03,286.09,278.85,265.19,242.21,229.2,217.94,204.78,192.55,184.51,176.52,171.08,167.04,165.51,163.2,164.57,166.87,174.04,176.49,185.91,192.2,196.52,203.82,213.97,219.05,226.57,227.24,240.98,241.28,247.95,255.06,260.18,269.94,277.16,281.56,283.78,286.17,286.86,288.79,287.66,287.83,288.12,-7.95,11.3,4.03,-7.03,-13.27,-17.73,-18.01,-17.98,-17.33,-16.01,-11.81,14.82,-1.36,0.13,0.17,0.31
39, 15:44:37,15,131.97,1006.28,22.86,885.31,1.184,-373.06,-241.64,-303.53,-310.53,-297.38,-275.88,-261.36,-261.3,-251.41,-243.51,-217.29,-216.42,-206.5,-194.38,-181.68,-174,-166.56,-158,-148.96,-141.6,-134.39,-125.68,-117.63,-111.17,-81.06,-374.81,176.94,274.59,237.4,188.84,154.31,131.67,114.57,101.46,88.64,77.77,67.93,58.66,50.83,42.89,35.67,29.08,23,17.75,12.73,8.64,4.04,-0.87,-81.06,282.3,282.45,282.9,283.96,282.52,281.54,281.96,277.65,270.34,254.83,232.06,218.81,207.16,194.53,182.51,174.41,166.58,160.52,155.32,152.23,151.36,153.66,155.57,161.2,164.31,172.39,178.18,184.01,193.36,204.73,210.5,218.79,226.62,233.94,238.39,244.03,249.85,255.04,264.95,272.49,276.98,279.74,281.87,282.3,284.16,282.88,283.47,283.91,-8.89,11.02,3.45,-8.2,-14.62,-17.58,-18.22,-18.35,-18.89,-18.26,-13.61,14.91,-1.16,0.08,0.16,0.25
40, 15:44:56,15.2,131.62,1006.27,22.88,885.1,1.184,-351.76,-218.59,-261.35,-271.78,-263.85,-247.39,-237.44,-239.34,-233.7,-229.32,-208.12,-210.53,-202.84,-194.41,-182.1,-175.02,-169.54,-161.47,-154.63,-147.78,-140.64,-132.61,-123.78,-117.26,-87.31,-354.01,188.28,277.07,237.45,188,153.76,130.84,113.7,100.47,87.61,76.55,66.56,57.26,49.16,41.04,33.62,26.78,20.53,15.02,9.79,5.34,0.4,-4.64,-87.31,284.6,284.77,285.33,286.28,284.77,284.1,284.26,279.65,272.67,258.29,234.99,223.23,211.85,199.52,187.03,177.98,169.6,163.29,157.79,154.93,154.13,156.49,158.77,163.63,165.75,173.17,178.39,183.49,190.35,201.05,207.07,214.93,214.42,229.92,229.07,235.45,242.44,247.67,258.27,267.34,274,278.54,281.58,283.16,285.24,284.13,284.56,284.84,-8.24,10.91,3.38,-7.99,-15.48,-19.29,-20.74,-19.81,-19.17,-18.77,-14.45,14.92,-0.7,0.11,0.14,0.25
41, 15:45:35,15.4,134.28,1006.23,22.89,885.05,1.184,-343.46,-207.01,-251.48,-260.22,-256.88,-242.1,-232.92,-237.31,-237.2,-231.49,-209.94,-213.81,-208.21,-201.19,-188.28,-184.53,-176.84,-169.58,-163.2,-156.76,-149.32,-141.41,-132.11,-124.22,-92.91,-345.99,193.64,280.52,240.36,190.85,155.6,132.58,115.12,101.75,88.56,77.37,67.2,57.55,49.42,41.08,33.49,26.36,20.02,14.34,8.93,4.33,-0.8,-6.5,-92.91,287.73,287.88,288.32,289.32,287.87,287.16,286.77,280.34,270.39,251.69,228.13,214.62,202.9,189.81,178.14,169.7,163.07,158.31,153.46,151.84,152.93,157.48,160.61,167.11,169.68,178.53,185.6,192.01,200.83,213.46,219.32,227.06,229.76,239.04,243.42,249.91,256.56,261.44,270.99,277.25,280.63,282.9,285,285.55,287.67,286.87,287.25,287.68,-11.01,10.06,2.62,-10.57,-18.26,-22.49,-22.41,-22.93,-22.1,-21.85,-16.9,14.16,-1.11,0.13,0.16,0.21
42, 15:45:57,15.6,130.67,1006.2,22.9,884.99,1.184,-332.63,-193.09,-231.91,-241.21,-238.35,-223.62,-215.6,-221.89,-222.3,-216.2,-197.96,-203.31,-198.11,-193.62,-183.35,-180.17,-173.5,-167.8,-162.49,-156.76,-150.35,-142.35,-133.29,-126.56,-94.08,-334.73,193.72,276.66,236.45,187.66,152.96,129.91,112.65,99.41,86.33,75.16,65.01,55.37,47.24,38.85,31.19,24.01,17.57,11.79,6.28,1.48,-3.82,-9.58,-94.08,283.92,284.3,284.81,285.73,284.37,283.6,283.34,278.17,269.93,252.27,225.65,210.63,198.24,185.19,171.48,161.89,154.16,149.78,146.03,144.08,145.05,148.82,151.97,158.45,162.52,171.83,177.39,181.96,188.57,199.58,206,214.17,226.96,230.33,240.19,245.53,251.33,255.92,265.42,273.37,278.07,280.33,282.01,282.35,283.92,282.84,283.26,283.51,-11.55,9.23,1.51,-11.5,-19.13,-23.96,-24.26,-24.35,-23.87,-22.76,-18.21,13.27,-1.66,0.09,0.18,0.21
43, 15:46:26,15.8,132.77,1006.15,22.93,884.94,1.184,-334.96,-177.65,-212.26,-220.6,-219.15,-206.8,-199.17,-207.51,-209.22,-207.03,-188.93,-195.23,-192.23,-190.44,-180.86,-180.11,-174.45,-169.51,-164.93,-160.7,-154.89,-148.7,-141.52,-135.63,-100.56,-338.11,201.9,279.38,236.85,187.44,152.8,130.15,112.3,98.89,85.64,74.26,63.92,54.2,45.76,37.13,29.25,21.81,15.14,9.11,3.28,-1.76,-7.39,-13.41,-100.56,286.53,286.75,287.33,288.08,286.5,285.71,284.79,278.44,268.45,251.39,225.61,210.5,198.04,184.54,171.4,162.41,154.8,150.13,145.02,143.09,143.78,147.27,151.57,159.03,163.31,172.28,179.99,184.95,193.7,204.23,209.99,218.72,223.34,234.31,238.49,244.76,251.14,256,266,274.03,278.19,281.08,283.84,285.16,287.62,286.83,286.92,286.93,-12.94,9.6,1.78,-10.99,-19.98,-22.67,-23.73,-23.35,-23.62,-23.21,-18.28,13.41,-1.45,0.1,0.17,0.2
44, 15:46:45,16,133.01,1006.24,22.95,885.37,1.184,-326.85,-168.64,-199.67,-208.03,-206.76,-193.91,-186.3,-194.43,-197.62,-196.47,-178.77,-187.35,-184.68,-184.63,-175.64,-177.2,-173.03,-167.99,-163.69,-160.24,-154.94,-148.59,-141.73,-135.41,-102.59,-329.74,200.55,275.85,234.04,184.61,150.93,127.84,110.6,97.28,84.15,72.85,62.48,52.85,44.38,35.75,27.88,20.4,13.7,7.58,1.69,-3.42,-9.18,-14.99,-102.59,283.24,283.44,283.97,284.87,283.4,282.71,282.44,276.77,267.74,248.77,220.68,206.84,192.2,177.88,164.7,154.85,146.29,141.85,138.15,137.31,138.79,144.47,148.98,155.95,159.79,170.64,178.14,184.15,193.32,204.85,210.86,219.73,224.93,233.13,239.75,245.89,252.74,257.98,268.21,274.74,278.4,280.89,282.69,283.12,284.9,283.66,283.78,283.5,-12.71,9.72,1.45,-11.59,-19.69,-24.66,-24.18,-24.78,-24.32,-23.78,-18.84,13.56,-1.28,0.11,0.18,0.22
45, 15:47:05,16.2,134.27,1006.24,22.96,884.78,1.184,-318.77,-161.76,-190.56,-198.39,-199.03,-187.37,-180.49,-189.51,-192.61,-193.11,-178.04,-186.37,-186.19,-185.26,-177.54,-178,-173.74,-170.48,-166.61,-163.76,-158.82,-153.27,-146.88,-141.12,-105.41,-321.67,206.74,281.88,238.43,189.13,154.46,131.44,113.51,99.95,86.46,74.85,64.29,54.27,45.54,36.64,28.55,20.79,13.83,7.41,1.26,-4.1,-10.19,-16.31,-105.41,289.49,289.58,290.14,290.9,289.38,288.52,287.62,281.45,269.39,248.88,220.1,204.44,190.92,178.15,164.98,156.63,149.79,146.98,144.52,143.93,145.95,151.67,157.6,166.02,169.82,180.16,187.96,195.18,203.18,213.99,220.14,229.11,238.22,243.09,251.44,256.12,261.23,265.27,274.25,281.48,284.58,286.75,288.47,289.01,290.9,289.65,289.42,289.13,-15.82,9.74,1.72,-11.67,-20.85,-24.51,-25.11,-24.8,-25.47,-26,-23.17,13.59,-0.27,0.14,0.2,0.25
46, 15:47:28,16.4,132.81,1006.22,22.96,884.7,1.184,-311.29,-158.58,-187.79,-195.07,-195.08,-183.68,-177.62,-185.39,-188.2,-186.57,-172.05,-181.28,-180.88,-181.77,-174.03,-175.18,-172.18,-169.21,-166.46,-163.68,-159.23,-154.09,-148.08,-143.02,-109.1,-313.36,204.8,279.44,236.81,187.51,153.31,129.86,112.03,98.43,84.96,73.34,62.63,52.67,43.87,34.87,26.66,18.86,11.82,5.3,-1.02,-6.48,-12.68,-18.88,-109.1,287.05,287.03,287.64,288.47,286.76,285.65,284.44,276.91,266.07,246.85,217.47,202.64,190.33,176.58,164.06,155.41,149.27,145.96,141.99,141.06,141.72,145.36,148.56,154.83,158.92,168.73,176.27,184.34,193.85,205.17,211.71,219.85,226.44,233.5,240.63,247.36,254.67,260.26,270.82,278.11,281.72,284.04,285.81,286.07,288.09,286.89,286.64,286.54,-14.51,8.82,-0.89,-14.32,-23.37,-26.18,-25.9,-25.57,-25.66,-25.73,-21,12.96,-0.94,0.11,0.18,0.22
47, 15:47:59,16.6,130.93,1006.2,22.99,885.23,1.184,-306.09,-146.2,-173.62,-181.69,-182.19,-170.57,-163.13,-171.66,-176.15,-176.31,-162.53,-172.79,-172.96,-174.72,-168.89,-171.34,-169.11,-166.46,-164.37,-161.85,-158.1,-152.52,-146.62,-142,-108.14,-309.13,205.57,276.04,233.95,185.49,151.65,128.69,111.01,97.55,84.25,72.71,62.12,52.36,43.45,34.51,26.34,18.54,11.5,5.02,-1.31,-6.79,-12.98,-19.22,-108.14,283.23,283.46,284.12,284.84,283.51,282.6,282.07,275.83,263.66,244.08,216.71,200.63,186.42,171.34,157.46,148.5,141.53,138.34,134.53,133.54,134.6,139.46,143.99,151.59,155.46,166.16,174.15,181.25,190.25,202.66,208.97,218.17,226.54,234.49,241.14,247.96,255.55,261.28,270.88,276.95,280.04,281.09,282.25,282.08,283.91,282.78,282.84,282.54,-16.78,8.86,0.08,-12.82,-22.11,-24.01,-26.29,-25.03,-25.58,-25.82,-22.83,12.76,-1.19,0.14,0.2,0.23
48, 15:48:17,16.8,131.42,1006.24,23,885.08,1.184,-307.86,-141.95,-167.7,-176.93,-177.58,-166.61,-160.07,-168.1,-171.84,-173.31,-160.23,-172.22,-174.18,-176.87,-170.32,-173.04,-170.51,-168.16,-166.46,-164.5,-160.97,-156.75,-151.08,-146.03,-111.53,-310.1,208.25,277.4,234.59,185.76,151.52,128.51,110.87,97.21,83.75,72.09,61.31,51.27,42.35,33.25,24.9,16.94,9.78,3.11,-3.4,-8.98,-15.39,-21.87,-111.53,284.87,284.85,285.52,286.25,284.94,283.84,283.22,276.89,265.49,247.86,220.52,203.8,188.79,172.91,158.58,148.52,141.31,137.74,132.04,129.32,128.95,133.27,136.45,143.16,146.48,156.49,164.31,172.95,182.47,196.2,204.05,214.21,219.15,232.82,236.07,243.23,250.39,255.79,266.43,274.8,279.2,281.69,283.49,283.81,285.58,284.55,284.39,284.14,-16.55,8.07,-1.82,-16.33,-25.38,-26.81,-27.47,-27.75,-28.16,-27.73,-23.04,11.97,-1.61,0.1,0.18,0.21
49, 15:48:47,17,132.99,1006.21,23.01,885.25,1.184,-296.76,-138.76,-166.83,-175.31,-174.73,-165.04,-159.33,-167.42,-171.02,-172.78,-159.18,-169.74,-171.47,-173.57,-167.45,-170.17,-169.45,-168.42,-167.39,-165.83,-162,-157.89,-152.98,-148.4,-115.74,-299.17,208.56,280.08,236.74,188.74,154.31,131.37,112.93,99.21,85.44,73.61,62.7,52.5,43.29,34.08,25.54,17.39,10.07,3.19,-3.44,-9.31,-15.88,-22.81,-115.74,287.72,287.47,288.24,289.06,287.52,286.59,285.73,279.27,268.12,249.34,221.98,206.74,192.7,179.3,164.73,153.33,144.45,138.92,132.57,129.89,129.63,133.08,135.04,141.1,143.92,152.86,159.75,166.65,175.51,187.03,194.34,204.13,218,224.44,234.26,241.94,249.97,256.54,267.96,277.31,282.11,283.85,285.7,285.94,288.5,287.44,287.17,286.93,-17.8,7.18,-2.89,-18.71,-29.26,-27.08,-31.61,-25.31,-25.39,-26.49,-23.67,11.78,-1.47,0.08,0.2,0.22
50, 15:49:37,16.5,131.01,1006.11,23.02,884.46,1.183,-310.87,-148.33,-176.16,-185.32,-184.71,-172.94,-165.57,-173.97,-178.02,-179.11,-166.46,-173.89,-174.74,-176.21,-171.45,-169.64,-168.46,-166.18,-164.26,-162.29,-159.2,-154.65,-150.31,-143.44,-109.97,-314.05,205.63,276.85,232.97,185.55,151.26,127.87,110.68,97.27,83.85,72.31,61.71,51.85,42.9,34.09,25.94,18.15,11.14,4.61,-1.71,-7.18,-13.36,-19.51,-109.97,284.07,284.14,284.84,285.76,284.24,283.09,282.3,275.5,265.49,247.08,220.7,207.12,194.15,179.86,164.98,153.65,145.27,140.25,135.05,133.52,134.2,138.9,141.89,148.93,152.38,161.14,166.96,174.92,183.36,195.97,203.59,213.03,220.6,231.65,238.04,246.16,253.78,259.43,268.21,275.8,280.33,281.97,283.85,283.97,286.13,285.09,284.87,284.89,-15.9,7.45,-1.44,-14.58,-24.54,-26.74,-28.62,-26.26,-27.2,-28.3,-23.67,11.82,-1.59,0.14,0.23,0.29
51, 15:50:25,16,132.31,1006.21,23,884.88,1.184,-325.5,-166.04,-193.47,-202.97,-200.48,-188,-181.18,-189.73,-193.29,-191.24,-179.24,-183.7,-182.16,-181.85,-176.62,-174.03,-170.77,-167.41,-164.09,-160.72,-155.53,-149.85,-144.38,-137.5,-104.72,-329.41,203.97,279.43,234.88,186.78,151.14,128.2,111.57,98.2,84.9,73.44,63.02,53.35,44.52,35.97,27.89,20.33,13.53,7.31,1.24,-3.94,-9.84,-15.77,-104.72,286.98,286.69,287.4,288.19,286.61,285.9,285.32,279.19,269.03,251.05,223.64,208.89,195.43,181.19,167.55,159.22,152.91,149.68,145.73,144.46,145.66,150.58,154.78,162.18,166.42,176.34,182.98,190.57,199.27,210.88,217.12,226.09,229.89,238.86,244.79,250.45,256.98,262.06,269.54,275.87,278.88,281.93,283.59,284.31,287.08,286.17,286.11,286.09,-12.91,9.26,1.47,-11.79,-19.71,-21.57,-23.08,-22.29,-22.02,-22.72,-18.74,13.45,-0.87,0.12,0.19,0.24
52, 15:50:47,15.5,134.67,1006.1,23.01,884.95,1.183,-348.87,-199.87,-249.88,-262.14,-252.76,-239.46,-230.15,-234.83,-233.85,-227.46,-211.06,-210.77,-206.04,-202.83,-193.6,-186.81,-179.73,-173.25,-166.83,-160.19,-151.86,-143.51,-135.52,-126.07,-94.39,-351.59,193.79,281.84,240.09,191.61,155.23,132.25,115.2,101.82,88.48,77.09,66.87,57.18,48.69,40.6,32.65,25.44,19.07,13.26,7.75,3.05,-2.24,-7.48,-94.39,289.76,289.17,289.69,290.52,289.31,288.74,288.58,283.25,273.53,256.96,232.15,218.12,205.51,191.33,178.56,170.25,164.22,160.77,156,154.59,155.39,157.89,159.91,166.93,169.87,177.67,182.29,187.86,195.19,205.43,210.77,218.72,225.06,234.76,239.16,245.04,252.34,257.77,266.84,274.59,279.26,282.66,285.27,286.55,289.83,289.11,288.95,288.94,-13.23,9.21,0.6,-12.45,-19.91,-25.1,-25.11,-25.87,-25.8,-24.2,-18.86,13.62,-1.22,0.15,0.21,0.27
53, 15:51:11,15,133.03,1006.17,23.02,884.62,1.183,-376.29,-236.16,-297.06,-307.05,-293.16,-274.67,-262.15,-262.13,-254.93,-244.37,-222.69,-218.99,-208.69,-199.22,-186.75,-177.13,-168.51,-159.42,-150.97,-143.87,-135.37,-127,-119.41,-110.96,-82.86,-377.74,180.01,279.96,240.52,192.06,155.99,133.24,116.35,103.13,90.05,78.96,69.09,59.63,51.59,43.82,36.23,29.47,23.46,18.13,13.1,8.89,4.16,-0.94,-82.86,287.24,286.82,287.44,288.27,287.14,286.51,286.61,281.83,272.69,256.28,231.65,219.18,208.8,196.68,184.44,175.35,168.63,164.54,159.88,158.84,158.63,161.22,162.9,170.62,173.5,182.1,187.57,194.08,201.91,211.81,217.99,226.57,230.86,239.7,244.87,249.89,255.42,260.51,268.92,276.59,280.59,283.97,285.75,286.11,288.65,287.77,287.23,287.25,-9.75,10.83,3.2,-8.34,-15.32,-18.95,-19.01,-19.95,-19.74,-18.93,-14.12,14.62,-1.06,0.14,0.2,0.24
54, 15:51:42,14.5,131.12,1006.15,23.01,884.75,1.184,-461.4,-331.17,-412.25,-400.85,-360.16,-327.93,-301.45,-288.89,-271.47,-249.91,-219.3,-207.5,-192.9,-180.51,-166.46,-156.79,-146.82,-138.22,-129.35,-121.93,-115.18,-108.24,-101.69,-93.79,-67.02,-462.34,149.35,277.11,242.4,194.26,158.04,134.31,117.97,104.75,91.73,80.76,71,61.8,53.92,46.49,39.15,32.74,27.13,22.13,17.47,13.77,9.66,5.97,-67.02,284.74,284.36,285.24,285.8,284.67,283.94,285.06,282.32,276.47,264.15,242.03,230.68,219.52,206.56,195.18,186.67,180.15,175.99,172.16,170.2,170.83,172.83,174.99,181.66,182.53,190.96,197.3,202.35,209.81,218.84,224.87,231.92,237.43,242.72,247.39,252.3,256.74,261.63,268.39,274.17,276.81,280.41,282.54,282.93,284.75,284.48,284.31,284.15,-3.29,12.72,6.44,-4.15,-9.89,-12.85,-13.7,-13.74,-12.53,-11.62,-6.99,15.85,-1.19,0.08,0.19,0.22
55, 15:52:02,14,133.66,1006.18,23.03,884.59,1.183,-1181.06,-938.59,-1175.12,-595.69,-462.45,-376.34,-307.3,-265.11,-225.8,-190.1,-150.2,-132.14,-115.73,-104.3,-93.07,-90.07,-86.2,-84.38,-82.65,-82.42,-81.44,-82.53,-83,-82.59,-65.74,-1184.21,-37.45,267.71,263.69,214.89,175.86,148.18,130.12,115.46,101.2,89.29,78.75,69.04,60.41,52.46,44.75,37.88,31.84,26.49,21.35,17.24,12.61,7.98,-65.74,286.72,286.37,286.9,287.78,286.89,285.95,287.02,286.58,286.99,284.48,262.22,240.3,218.24,201.03,197.19,209.4,230.14,250.37,268.86,280.31,285.28,287.2,285.06,287.45,284.27,287.51,285.65,284.9,284.95,286.4,287,287.29,285.34,286.15,284.94,284.76,284.49,285.39,284.79,285.4,284.53,284.92,284.99,284.75,285.73,285.19,284.92,284.63,9.6,19.02,16.24,6.79,1.55,2.46,0.1,6.52,11.57,12.01,11.5,19.53,-0.79,0.08,0.2,0.23
56, 15:52:30,13.5,132.81,1006.15,23.05,884.96,1.183,-1224.22,-963.98,-1164.42,-577.71,-466.35,-379.94,-312.61,-272.35,-234.39,-199.75,-161.37,-143.87,-128.98,-119.19,-113.61,-112.4,-109.21,-106.76,-101.5,-95.91,-90.27,-86.53,-84.26,-82.91,-57.73,-1228.96,-38.85,265.32,258.53,210.55,170.89,145.1,126.95,112.62,98.82,87.34,77.25,67.95,59.79,52.25,44.98,38.56,32.97,28.1,23.46,19.84,15.76,11.89,-57.73,283.15,282.89,283.53,284.39,283.22,282.57,283.82,283.14,283.51,282.55,268.37,250.96,228.27,206.39,196,203.94,222.87,243.9,264.19,276.23,281.58,283.86,281.6,284.09,280.85,284.27,282.45,281.39,281.31,282.84,283.51,283.49,283.22,283.67,282.99,283.02,282.62,283.49,282.83,283.55,282.56,282.9,283.33,282.88,283.57,283.22,283.02,282.73,8.81,18.23,15.97,8.86,4.95,5.11,3.69,7.46,10.13,10.32,10.46,18.94,-0.82,0.13,0.23,0.28
57, 15:52:53,13,131.8,1006.13,23.06,885.13,1.183,-1316.77,-941.58,-1126.19,-568.2,-463.21,-379.4,-314.54,-276.59,-240.61,-207.75,-170.46,-152.64,-136.7,-126.25,-118.97,-117.36,-113.99,-111.67,-105.91,-99.51,-91.55,-85.82,-80.53,-75.65,-46.41,-1321.75,-32.44,262,252.09,203.33,164.45,139.91,122.31,108.55,95.34,84.38,74.87,65.99,58.39,51.34,44.59,38.74,33.7,29.39,25.43,22.39,18.99,15.66,-46.41,277.45,277.36,278.17,278.55,277.4,277.15,278.32,277.73,277.99,277.83,269.48,255.83,234.65,210.6,194.33,196.39,212.74,233.87,255.86,270.01,276.41,278.36,276.16,278.71,275.23,278.71,277.23,276.01,275.79,277.65,277.76,277.6,276.56,277.55,276.25,276.19,275.72,276.74,276.34,276.45,275.9,276.23,276.46,275.95,276.85,276.07,276.58,275.86,8.22,17.35,15.63,9.56,5.64,4.41,3.86,6.04,8.72,9.09,9.73,18.02,-1.24,0.11,0.21,0.26
58, 15:53:22,12.5,134.24,1006.19,23.09,884.87,1.183,-1308,-930.75,-1080.12,-578.03,-472.54,-389.27,-324.33,-286.24,-250.74,-218.57,-181.28,-166.43,-146.75,-133.82,-123.69,-120.78,-118.47,-116.96,-112.47,-106.98,-98.23,-89.13,-80.2,-71.44,-38.91,-1313.01,-21.09,267.54,253.52,203.06,164.05,138.92,121.31,107.62,94.55,83.78,74.45,65.78,58.4,51.62,45.18,39.66,34.98,31.05,27.52,25.11,22.21,19.52,-38.91,281.68,281.42,282.01,282.76,281.64,281.05,282.34,281.76,282.11,281.91,277.45,268.48,249.55,225.33,203.14,198.75,212.54,233.89,257.82,273.68,280.33,282.31,280.18,282.76,279.48,282.82,281.18,280.02,279.88,281.57,281.89,281.51,282.5,281.11,282.34,282.12,281.91,282.7,281.89,282.66,281.86,282.08,282.53,281.85,282.7,282.33,282.18,282.17,8.19,17.38,15.75,10.18,6.08,4.84,4.55,5.01,7.69,8.67,9.73,18.11,-0.84,0.12,0.2,0.24
59, 15:53:43,12,134.9,1006.11,23.1,884.97,1.183,-1253.04,-894.49,-1033.81,-545.26,-470.61,-390.53,-327.39,-291.14,-256.34,-225.07,-188.9,-174.23,-152.62,-139.3,-127.1,-123.23,-120.72,-120.39,-117.53,-112.75,-104.11,-94.93,-83.75,-72.19,-32.77,-1257.67,1.09,273.28,253.89,201.11,161.34,136.75,119.33,105.86,92.97,82.39,73.29,64.73,57.78,51.23,45.06,39.89,35.59,32.03,28.91,27.01,24.66,22.66,-32.77,285.63,285.12,285.77,286.59,285.67,284.9,285.93,285.54,285.79,285.75,283.2,277.96,263.74,239.23,214.91,203.56,212.1,231.58,256.55,274.91,283.57,286.18,284.13,286.52,283.32,286.64,284.63,283.73,283.79,285.21,285.83,285.38,284.8,285.55,284.62,284.47,284.27,285.03,284.39,285.13,284.24,284.54,284.66,284.39,285.13,284.97,284.48,284.38,7.58,16.89,15.69,10.11,6.35,5.33,5.12,5.9,7.96,8.46,9.14,17.5,-1.48,0.16,0.25,0.27
60, 15:53:56,11.5,133.29,1006.16,23.12,884.95,1.183,-1138.19,-774.39,-895.37,-508.68,-446.38,-376.54,-318.91,-286.11,-255.45,-226.1,-192.09,-180.13,-160.69,-146.18,-130.65,-123.51,-117.36,-113.56,-106.88,-99.81,-90.15,-81.19,-69.94,-58.23,-21.62,-1141.41,26.58,270.06,244.46,192.84,153.99,130.47,113.31,100.6,88.36,78.33,69.78,61.81,55.32,49.3,43.64,38.94,35.18,32.14,29.55,28.24,26.51,25.31,-21.62,279.54,279.32,279.96,280.69,279.64,279.13,280.58,279.78,280.14,280.01,278.55,276.48,266.82,246.09,221.17,203.71,205.79,222.78,247.69,267.76,277.55,280.48,278.3,280.89,277.33,280.95,279.28,277.99,277.9,279.69,279.98,279.62,280.87,279.99,280.69,280.58,280.13,280.94,280.36,280.99,280.21,280.52,280.82,280.2,280.93,280.8,280.57,280.52,8.6,17.57,16.52,11.52,7.83,6.81,6.68,7.17,8.83,9.5,10.16,18.16,-0.85,0.13,0.24,0.26
61, 15:54:15,11,132.37,1006.12,23.12,885.19,1.183,-1268.34,-710.32,-829.73,-575.77,-441.33,-377.12,-320.93,-289.94,-260.25,-232.45,-199.39,-189.06,-171.05,-154.8,-138.45,-126.23,-116.58,-109.32,-99.79,-90.23,-79.37,-69.51,-58.79,-47.25,-12.34,-1273.61,55.64,273.49,242.39,189.9,151.31,127.36,110.91,98.49,86.48,76.87,68.56,61.09,54.68,48.98,43.65,39.32,35.93,33.27,31.08,30.23,29.05,28.31,-12.34,281.87,281.57,282.2,283.03,282.21,281.23,282.82,281.86,282.16,282.12,281.02,280.62,274.93,258.8,233.27,211.21,207.01,219.78,244.17,266.6,278.65,282.34,280.6,283.13,279.5,283.23,281.57,280.19,280.09,281.82,282.19,281.73,282.44,282.25,282.45,281.87,281.66,282.63,281.85,282.59,281.8,281.93,282.38,281.78,282.55,282.41,282.08,282.07,8.49,17.34,16.76,11.93,8.6,7.98,7.66,8.27,10.08,9.67,9.96,17.87,-0.92,0.13,0.19,0.24
62, 15:54:32,10.5,130.59,1006.11,23.13,884.16,1.183,-1198.45,-678.79,-764.34,-681.58,-425.22,-369.09,-317.28,-288.93,-260.95,-235.08,-203.86,-195.99,-179.09,-162.37,-143.87,-127.98,-111.72,-97.97,-82.13,-68.93,-54.87,-44.88,-34.14,-24.33,1.45,-1203.06,76.59,271.94,236.97,184,146.2,123.12,107.37,95.48,83.98,74.84,67.02,59.81,54.11,48.8,43.93,40.02,37.03,34.94,33.26,32.97,32.48,32.59,1.45,279.5,278.98,279.79,280.24,279.37,278.83,280.07,279.52,279.75,279.68,278.66,279.15,277.08,265.59,241.53,216.97,208.39,218.86,241.8,264.65,276.67,280.11,277.93,280.63,276.93,280.34,279.07,277.73,277.57,279.16,279.54,279.2,277.82,280.46,277.57,277.42,277.14,278.04,277.59,277.83,277.09,277.3,277.78,277.33,278.02,277.67,277.79,277.32,8.9,17.35,17.17,12.72,9.92,10.28,9.76,10.94,11.67,10.35,10.36,17.87,-0.24,0.16,0.23,0.27
63, 15:54:49,10,134.04,1006.12,23.14,885.16,1.183,-1166.59,-671.71,-734.9,-660.42,-419.33,-370.41,-320.52,-294.27,-266.38,-243.29,-211.6,-204.15,-187.23,-169.54,-150.01,-132.66,-112.66,-96.08,-77.44,-62.41,-45.87,-34.02,-21.27,-10.81,12.85,-1169.7,96.51,276.12,236.25,181.88,144.32,120.93,105.44,93.77,82.52,73.65,66.09,59.08,53.71,48.73,44.08,40.54,38.01,36.28,35.08,35.28,35.46,36.32,12.85,283.33,282.71,283.6,284.22,283.6,282.1,283.6,282.91,283.43,283.32,282.23,283.08,282.83,276.24,256.36,228.54,212.92,218,240.56,266.13,279.71,283.48,281.52,284.28,280.56,284.22,282.69,281.17,281.23,282.8,283.25,282.81,283.97,283.44,283.69,283.53,283.31,284.21,283.37,284.23,283.26,283.56,283.87,283.37,284.16,284.16,283.75,283.74,8.68,17.12,17.49,13.96,11.81,13.15,12.37,13.17,12.09,10.1,10.07,17.65,-0.67,0.14,0.25,0.27
64, 15:55:10,9.5,131.21,1006.16,23.15,884.97,1.183,-1071.99,-664.64,-661.45,-539.96,-452.4,-353.33,-307,-285.76,-259.96,-238.38,-208.01,-201.95,-185.1,-166.49,-146.12,-127.29,-106.69,-89.14,-70.25,-55.02,-37.19,-22.15,-9.15,2.91,21.77,-1075.95,112.14,269.85,225.91,170.78,135.65,113.08,98.23,87.2,76.56,68.33,61.18,54.8,49.82,45.35,41.21,38.12,36.01,34.77,34,34.74,35.54,37.09,21.77,276.69,276.25,277.05,277.4,276.41,275.35,277.26,276.7,277.26,276.96,275.92,276.48,277.16,275.3,262.45,235.61,212.68,210.5,228.78,257.02,273.44,277.43,275.24,278.35,274.22,277.78,276.44,274.97,274.79,276.61,277.04,276.62,277.3,275.86,277.16,277.29,276.64,277.55,277.19,277.35,276.68,276.55,277.19,276.68,277.6,277.16,277.3,276.89,8.56,16.56,17,14.32,11.92,12.78,12.08,12.61,11.8,9.93,9.88,17.05,-0.89,0.09,0.2,0.24
65, 15:55:30,9,132.97,1006.14,23.16,884.71,1.183,-977.79,-640.2,-632.06,-517.29,-433.23,-381.05,-319.75,-286.96,-257.64,-236.87,-209.58,-203.15,-185.5,-168.36,-147.7,-127.58,-106.97,-89.37,-69.92,-54.03,-35.45,-18.41,-3.77,9.75,26.83,-982.23,141.97,276.12,224.7,168.16,133.04,111.15,96.1,85.16,74.82,66.81,59.98,53.84,49.09,44.87,40.96,38.18,36.4,35.54,35.2,36.35,37.66,39.67,26.83,283.08,282.82,283.47,284.17,283.65,281.72,283.76,282.74,283.68,283.49,282.43,283.06,283.8,282.74,277.73,256.59,229.52,216.37,227.6,256.51,277.79,283.42,281.59,284.46,280.66,284.23,282.72,281.26,280.76,282.8,283.34,282.84,282.43,282.79,282.31,282.14,281.79,282.62,281.9,282.62,281.87,281.28,282.42,281.74,282.49,282.41,282.13,282.03,8.88,16.81,17.34,15.22,12.62,13.16,12.8,13.28,12.06,10.25,10.23,17.24,-0.65,0.15,0.26,0.32
66, 15:56:00,8.5,132.55,1006.1,23.17,885.32,1.183,-832.33,-585.75,-574.69,-482.39,-409.16,-355.21,-313.54,-290.48,-253.35,-228.29,-199.59,-194.96,-180.59,-163.39,-143.72,-124.57,-104.87,-87.51,-68.68,-53.36,-34.73,-17.43,-2.7,11.46,29.02,-834.59,169.76,273.44,216.37,159.42,125.02,103.71,89.88,79.57,69.79,62.25,55.9,50.05,45.8,41.92,38.42,35.92,34.52,33.99,33.96,35.49,37.15,39.42,29.02,281.46,281.58,282.35,283.06,282.44,280.68,282.8,281.27,282.35,282.34,281.27,282.14,282.77,282.12,280.83,268.92,242.95,220.5,219.82,245.6,271.91,281.68,280.49,283.54,279.67,283.26,281.72,280.23,279.56,281.89,282.3,281.87,280.7,281.94,280.95,280.79,280.31,281.18,280.67,281.32,280.46,280.13,281.08,280.53,281.35,280.98,280.87,280.55,9.42,16.95,17.51,15.75,13.04,13.31,13.09,13.48,12.57,10.78,10.74,17.32,-0.55,0.14,0.19,0.25
67, 15:56:26,8,134.66,1006.09,23.19,884.8,1.183,-697.75,-528.97,-527.56,-454.57,-389.47,-339.13,-300.89,-284.13,-258.86,-231.92,-199.32,-190.89,-175.06,-160.04,-142.33,-124.13,-104.43,-87.52,-68.71,-53.65,-35.17,-17.48,-2.7,12,30.03,-699.31,199.15,272.14,207.73,150.18,117,97.43,83.17,73.34,63.96,56.88,50.98,45.53,41.56,37.94,34.86,32.73,31.65,31.44,31.79,33.66,35.66,38.33,30.03,282.85,282.94,283.58,284.32,283.78,281.96,283.86,282.52,283.63,283.56,282.53,283.42,283.98,283.45,283.26,279.24,260.67,233.18,218.57,236.9,265.56,281.21,281.58,284.59,280.84,284.46,282.84,281.43,280.55,283.06,283.57,283.1,282.34,283.11,282.88,282.86,282.57,283.21,282.62,283.37,282.44,282.11,283.09,282.66,283.32,283.13,282.84,282.59,9.38,16.57,17.14,15.56,12.99,12.9,12.93,13.11,12.5,10.71,10.65,16.89,-0.59,0.11,0.14,0.26
68, 15:56:49,6,136.31,1006.07,23.19,885.37,1.183,-212.75,-303.4,-338.34,-331.76,-305.82,-275.27,-247.56,-237.25,-219.68,-207.02,-180.86,-178.05,-169.71,-160.02,-148.11,-131.85,-89.45,-72.57,-59.35,-47.82,-31.06,-14.39,0.23,15.78,34.86,-213.79,266.37,244.31,162.46,110.54,83.01,65.28,56,48.57,41.61,36.44,32.19,28.45,26.11,23.88,22.25,21.46,21.79,22.9,24.62,27.88,31.03,34.93,34.86,284.43,284.58,285.25,285.99,285.62,283.73,285.65,284.17,285.39,285.39,284.31,285.04,285.7,285.17,285.16,285.41,285.42,284.05,267.02,239.75,232.42,250.77,270.31,284.85,282.55,286.28,284.82,283.28,282.56,284.85,285.51,284.9,284.99,284.24,285.28,285.16,284.99,285.82,284.98,285.85,284.91,284.78,285.61,285.3,286.03,285.68,285.56,285.14,10.31,16.15,16.82,15.5,13.98,13.72,14.03,13.63,13.14,11.57,11.48,16.25,-0.95,0.11,0.15,0.25
69, 15:57:05,4,134.01,1006.12,23.2,884.54,1.183,125.83,-109.72,-164.23,-211.28,-218.78,-207.45,-193.73,-189.87,-181.65,-173.2,-149.24,-149.61,-141.66,-130.59,-118.9,-112.39,-106.65,-104.58,-46.97,-30.61,-20.59,-8.32,3.92,18.24,37.37,122.75,271.85,179.48,102.59,61.51,41.98,31.45,25.29,20.87,16.71,13.92,11.7,9.81,9.24,8.57,8.45,9.19,10.83,13.34,16.36,20.76,25.08,29.64,37.37,283.68,283.75,284.52,285.2,284.74,282.75,284.83,283.51,284.69,284.43,283.42,284.21,284.86,284.54,284.39,284.62,284.79,284.78,284.07,283.88,268.83,245.83,235.74,250.2,262.44,280.42,283.32,282.37,281.72,284,284.59,284.16,283.81,282.84,284.06,284.04,283.9,284.6,283.89,284.72,283.85,283.56,284.36,284,284.75,284.52,284.44,283.99,11.7,15.94,16.66,15.59,14.71,14.23,15.08,14.17,14.17,12.86,12.73,15.76,-0.29,0.12,0.14,0.24
70, 15:57:22,2,134.73,1006.07,23.2,885.06,1.183,273.66,46.91,-21.42,-105.79,-140.47,-146.61,-142.47,-149.35,-145.53,-141.78,-120.93,-126.39,-120.63,-109.13,-97.95,-90.57,-83.5,-78.45,-73.72,-64.65,-9.97,-1.02,8.14,19.62,33.87,268.32,208.87,88.57,33.37,9.06,0.11,-3.17,-5.5,-6.6,-7.66,-7.78,-7.61,-7.34,-6.49,-5.27,-3.81,-1.35,2,6.07,10.54,15.97,20.68,24.4,33.87,283.78,283.81,284.76,285.19,284.92,282.97,284.9,283.57,284.71,284.43,283.47,284.23,284.98,284.65,284.43,284.65,284.76,284.8,284.29,285.72,284.76,282.9,267.56,249.21,237.75,251.47,266.57,276.59,280.62,283.93,284.79,284.17,284.08,283.15,284.27,284.18,284.05,284.8,284.15,284.88,284.07,283.87,284.6,284.28,285.01,284.58,284.62,284.22,12.76,15.52,16.32,15.46,14.83,14.96,15.86,14.23,14.92,13.84,13.71,15.1,-0.23,0.12,0.14,0.24
71, 15:57:41,0,135.64,1006.02,23.19,884.66,1.183,276.17,166.89,99.27,-3.5,-60.78,-83.14,-89.9,-101.58,-107.46,-105.92,-91.45,-99.56,-96.49,-87.79,-77.22,-68.81,-61.58,-55.11,-49.86,-47.73,-41.14,6.58,19.51,29.67,34.01,270.87,37.99,-42.04,-56.53,-55.74,-51.72,-46.58,-41.68,-38.74,-36.34,-33.66,-31.23,-28.73,-25.92,-23.02,-19.88,-15.94,-11.39,-6.34,-1.94,2.99,6.61,9.33,34.01,285.2,285.12,285.86,286.57,286.09,284.49,286.03,284.85,286.02,285.81,284.85,285.55,286.29,285.79,285.78,286.01,286.18,286.06,285.4,287.06,286.28,286.42,282.95,281.97,269.9,259.46,249.78,250.26,256.97,269.66,277.83,282.95,285.11,286.04,285.79,285.63,285.51,286.38,285.63,286.33,285.42,285.48,286.13,285.82,286.53,286.18,286.22,285.43,14.28,14.94,15.86,15.3,14.95,12.98,16.03,15.04,15.88,15.11,15.05,14.22,0.07,0.12,0.15,0.24
